channelId,viewCount,subscriberCount,hiddenSubscriberCount,videoCount
UCIcCXe3iWo6lq-iWKV40Oug,56423799,859000.0,False,208
UC4Oy0UtQpTBGX46q_OkWzXg,36286060,456000.0,False,399
UCIUtwq6jMFYQj2ASOj95TGw,4059952,40600.0,False,241
UC1kdsZUTDSW1BtsHEoYx4WQ,275182693,597000.0,False,6987
UC-_r3ybLeGdNfca0UriJ6XA,6730656,84200.0,False,312
UCsgaFTYm3fvDnkPWb-FIa_w,508262,7840.0,False,19
UC-kJP3JSsbXLl5VbIoi2HXA,1382837,33900.0,False,30
UC3yTbQJCyIx1hJRS5pK_c0A,22418984,217000.0,False,1308
UCVNOTKi3V2eCZo5Zy0JI8Fg,1676890,,True,5
UCqKRlX8Pi6xg-lAAzkt3wfA,71185334,323000.0,False,408
UCxRB1WoWWNMbsrAWLR3fO7g,1659413,29100.0,False,31
UCtYw-H_L5D09T9uWeNBUvqg,76811797,540000.0,False,809
UCOPnbUqPRKNU1Sm_tSIOtGg,21223618,268000.0,False,110
UC2NOIMgMDACbqjLyH9tN1Xw,99637,1140.0,False,40
UChfc4PBqDR_Ho0jWADYiQKQ,611023,4210.0,False,325
UCsjuMjlQ6CN8BbP6neDlK3g,17133436,223000.0,False,91
UCAE7Doxo5WQRjLPz7JYa7Fw,24625059,371000.0,False,102
UCMeZ28znRNzSmHdQi1zXBog,1622265,46800.0,False,211
UCg6zl8ARb8cpHNvBSTJ3pTA,3135996,30500.0,False,311
UCgqFqBj99yyRHFOubzj3LaA,4495866,49900.0,False,454
UCqg4M9-TjrPc-NARlfTee7A,13145438,157000.0,False,178
UCNwsxpZwRPgxMJ8zpWwXcPg,40445,675.0,False,52
UCNca794AmT8UYX0-4Dk2IMQ,1319380,9920.0,False,238
UCqPdU0C6sIx_kkEoAcW9hSQ,16500324,192000.0,False,185
UCBO9acnsfbzEL_7am5N2z8Q,63291095,591000.0,False,236
UCAAsUXCwZZvx97PVO_nb3LA,3998345,29400.0,False,383
UC_wtYbYpUuVPJwQjveVGp6Q,1987649,17700.0,False,46
UCwg1nBoNn5mpzshbgCRq4-g,159940,3060.0,False,60
UCg4HRmoYYhpdzJXY5cSbBeg,34999819,239000.0,False,1294
UCJc1GDD4eIxLJRNex2LYLRg,61838,610.0,False,27
UCUtzw2QD1HM6zvOnN941qJQ,113767,4040.0,False,18
UCmRRUATCbsWgBc9vpPyoaAw,6072911,48000.0,False,37
UCHzcS9Hm5dieyRWDMY-earw,126400818,807000.0,False,3635
UCzMmESEanMmEGEXR2HK-lhw,674637,5100.0,False,151
UC69lcl1ALdc7uxuL4OzqI5Q,1767096,11800.0,False,201
UCIWNozFjO8yVdJFsGKVmPgg,45503091,437000.0,False,1315
UCDU1ULcAb0OMgv0Xi0CbYYw,21384658,51900.0,False,3047
UCrbPhegWpRRe3v2SKR7g-Nw,832185,1400.0,False,37
UC9Pu39aEO77HzgdEXRwPbKg,23288344,138000.0,False,108
UCWgO3P-M2bxMpLNmrgRPCYA,1472328,8230.0,False,197
UCtwaWPOXEBysZLh1rrPzwFw,32397198,303000.0,False,648
UClfbvgQoWlxIdN5R939nMNg,126350,644.0,False,16
UCd1tkbnHGMZUPG9z0hdVN8Q,627701,4950.0,False,81
UCElRTb8bEsbF6kfOX2khXDQ,1947321,9330.0,False,227
UCHMXwvzlFALXrZKK9zQbspw,13165,132.0,False,25
UC16eUchrryp13U6FufLfCBA,128758,483.0,False,79
UCaZBoPPrv8RpCZeFXWfnLQw,1202933,23700.0,False,225
UCyJ4kg_1qqbmBlWxlmsQ3fg,158515,184.0,False,30
UCu3n2fE3SQzL8QcHQwdplnQ,110920,4320.0,False,45
UCmmvfxERUrEyEmZiSSI-8kg,273380,4050.0,False,11
UCSArYuBHZtw3jkKBeVXG3wQ,1453,127.0,False,7
UCNflp7B39NL_u-nP-AKw8Dw,1149,44.0,False,16
UC95ycoC9Rdyt-TkzP48WblQ,155296926,196000.0,False,1174
UCc7Zvfa6Q7UiDjxPI4Fm9yQ,102827,1560.0,False,262
UCQ44v7dZOVUUlDcBVZrAwXA,2518481,57200.0,False,174
UCcGypazPypWJ2K5ig_c7LyQ,48700402,271000.0,False,1750
UCO66zvpQorlNfs_7hFCfmaw,45832311,546000.0,False,283
UC2-T9t3Xzw68EkFihEv5-NQ,36908176,66500.0,False,46
UC-cM4uU930-aMe_4NkAcnaQ,1506667,37600.0,False,199
UCgaGqL641t87mOuNaLQ1O9g,146573,3430.0,False,77
UCzneCTGBFn7va5KjYkgxm6Q,56862,242.0,False,3
UCHEhkjzdZ_PjS4Ls9OL406Q,15205,3320.0,False,6
UCSaieSZa-q0FNLcr3bTYHsw,1096248,14600.0,False,40
UC0oEsGiCfLhVAPI_-6U8roA,77939,818.0,False,28
UCGvTbU2SsGONC17Y3TAUwUA,673163,8710.0,False,160
UCWFHCZ5KBtG8sdyDqrCdQ7Q,22802233,13800.0,False,147
UCHznoeEpf_wigyX4oPLg5fA,79498,1290.0,False,42
UCiWIZFq33ywH4rrg4GBR27g,71064,8390.0,False,17
UCn6_ZYlX8KJtV2ZjLMsrxzw,59901,865.0,False,44
UCUAIPUjGW9nT6QCAzjGLjeQ,201574,4740.0,False,59
UC7WbVbMJipNOSgW1Je-c9ZA,1643667,39200.0,False,46
UC0bVrLK0otdvTm_KWKWDgtQ,21109001,239000.0,False,252
UCVWQKYh2bKexxp20dDfRpWQ,301242,2250.0,False,139
UCpPCBKURZps6U2r2qIXXIAw,51941279,484000.0,False,93
UCfJdw-t7UyUIaG-33KfS4Ag,835528,3260.0,False,14
UCkc0sEjDylFZy_Zl8Z2dKfQ,37470,371.0,False,55
UCyW0lzGLMx0-WqKH5A0pCtQ,6689,251.0,False,4
UCLYJasHbl4-ED9HSM3C1BuQ,68243803,169000.0,False,646
UCfYEdvKQekP7RiemXC0o92w,49755493,566000.0,False,486
UCXsoSMI_a4sJZkDQjpfEI5g,51296,303.0,False,55
UCmHL3Is1j48FuuYL4yJ8NQA,660236,5420.0,False,138
UCZHhuUtG6SD7uwRV1CyhFuA,806602,6470.0,False,47
UCG8SL9XqmfWjHijmSW_3NDA,1935226,3860.0,False,39
UCuJgRhXJ0TtWWumAHC5_00A,282908,2160.0,False,83
UC37LAYb2JNua3OtPbMI_tfw,69653,462.0,False,66
UCY1WkFBYltYL_idQnWpKbug,49836,267.0,False,26
UCaSQI9xFOA-PhJf9tRirt5w,2655514,36700.0,False,69
UCFCDAj0kVVmXMsfn32_bmUg,82343,1360.0,False,205
UCUQ14LQIWQCMNvy5cKUKggQ,3459612,12500.0,False,188
UCOhKpIzFxJFzMJYmkhZlpaw,1688476,18900.0,False,158
UCQIhzW3zU6LWRcPisaO51_w,35885413,251000.0,False,1233
UCib3sipEkTwJqpo7wfOXD6w,1368109,7880.0,False,72
UCfvrml65kvZTJ-FukK5ivRQ,31862,,True,73
UCsjiX7LJLsIWyrDNFtaObxQ,285543,375.0,False,8
UCSI-ZKCrHLzvERu13l_4efQ,2354623,6970.0,False,151
UCfgxgpsnv2Nw2mf6XhnzFWQ,493838,3240.0,False,10
UC4GIfjbLKPGWvtATef86rKg,1210,2.0,False,2
UCdjedsUN5O2KnmxxflvAhEQ,8227114,62000.0,False,87
UCMnmXvv9JHJPsrrob-gEn5A,15549368,,True,764
UCev5c9bh98_00CpngiwmlGw,87201,363.0,False,93
UCFqYMo1yOxGXHyXZXMSoTGg,31983,140.0,False,56
UCLk1kUQDy5GXKGh5FHEE_Fw,2490479,50300.0,False,404
UC8IorqflHxktKHROpManTIg,3299,55.0,False,36
UCv-PLuI1ntOuW8DGw7RBtww,566414,6620.0,False,52
UC2LNfh60e6vT-uWxohh_k5A,56057,69.0,False,6
UCV1TMK-sCRHEMj2JPGRQN-g,5387,145.0,False,11
UCU477Lqi3mPCX0hlFVFLhDw,803991,669.0,False,51
UCTsIKTpLU7vkEJh0xKClQFg,336647,1020.0,False,43
UCcWOmT_ia8S0IV8vEjxyMkg,1415970,15400.0,False,135
UCl5Q_6fj9PsCVEA9ytDrbJw,1891,41.0,False,14
UC7PuyuAlp0bsPK-FsrAQfjw,4183,120.0,False,3
UChVLgmUTjMuDZbnJqmwXx6g,281553,599.0,False,9
UCyHsIoSb3Yb-N1_LbogOidg,46305,655.0,False,41
UCE9w28PeMEwMtCJ5P4Gd2Cg,1115073,3070.0,False,68
UCTj_hlsdKs-gLqoEB31IeZg,7730507,97300.0,False,441
UCsT09JEjChDj2mdS668LJrA,17813,24.0,False,4
UCb29uZmZ6TSUerZn_5VBE5A,269313,1050.0,False,692
UCmeS_k_7J2esi3NujiZTVZA,2363063,7530.0,False,42
UC6sRVElCf7NevhlXo8UhMXg,26834,186.0,False,204
UCZOKXY-tHAsqGMKKgLvCHTQ,13899696,59600.0,False,127
UCkSOKD-35SEe7Jw9-LzVX7w,1775434,11200.0,False,149
UC2Y-dMLe8ap4rJUz6BnEyFQ,1279290,4370.0,False,17
UCBHA7sixaWmaqp1Qnbr3ynQ,100853,1360.0,False,43
UCpXxi0IyGmtPWvotvdmRQVQ,8256,7.0,False,6
UCJ2JKFeXZ39o0jsD8iGagmQ,661,57.0,False,7
UCOOG7_bt-UINV8yXPU6o7lQ,7503,76.0,False,95
UCmJvl1KTMP8ZpcLWUMkVd7Q,3265164,11900.0,False,497
UCRE3k-w68T1TgEYL8qplZ2g,381296,2110.0,False,26
UCOJTIwdnbleN5oWvpuzCq9g,15107,158.0,False,20
UCmRVYm_lxRRZ8-mYhqpIiow,175257,1400.0,False,56
UCjCIfL8DeycSLs1SA-J4ENA,310411,2410.0,False,34
UCAvkPyc0Fu2w9ZQIj6Ka0KA,5216553,96600.0,False,73
UCEhcDSXXtWynf04gHONHmwQ,15857,29.0,False,7
UC4q3crhs4-_hxYshEoPUlvQ,59010,989.0,False,240
UCMDxcYFbxxZpij7JyivPy3Q,879307,8930.0,False,128
UCU3fWRuG2WTbMmvRdhXBA-A,108997,1760.0,False,51
UCIsBElE_MMwylib7FmQFIhQ,233306,,True,138
UCGKazmenfpDni_4Q7D2Sraw,112931,1400.0,False,37
UCbwTij5SVBL4a4NznNkNmOA,168560,129.0,False,30
UC3ksBU2Zxs_32dKZ0QvtGfQ,130668,2110.0,False,19
UCceuo1ZdHsxegsoa4Hgn55g,10614425,85500.0,False,327
UC1vh8Wk8c6LyF07MnKzGUVA,98741,1410.0,False,152
UCdsPQPAv9KzBOYVZz2dGfNA,3444098,26800.0,False,202
UCKogCyXLurXp-aUi4lMCCOA,558410,8000.0,False,92
UClpUhsQYaQBbtXkoDO7F3Eg,5005,116.0,False,30
UC3jbtzF9QF2ri7i97IylKTw,2832959,7310.0,False,625
UCJoS92DDp-DjAyVWKLe_3_A,97805,3200.0,False,22
UCrzC3BnBr7BB3hYXEE3CPkQ,117318,3230.0,False,104
UCeuU5qWSbtAGT3SQofs5dHA,233460,2560.0,False,27
UCDCXfYsluUDXIbpaMdKJWhA,313623,1890.0,False,346
UCUEzIBVfokbaRkXhJddbVXg,890635,8540.0,False,77
UCiCEwHGLAWUwJKWfF27vnRA,166457,,True,9
UCK9qSLau3mXEQQHBFHjylLw,171887,140.0,False,9
UCvUxyDPs0Af7sGwZw16HfMw,1872,94.0,False,17
UCYCCdM7X9F9hRy1a8jIcS-Q,3005646,29100.0,False,228
UC4e7ESAtaybfh404m8DGURQ,17107,40.0,False,1
UCF83EzX9eD_TeNdP7TtOzBw,631016,8230.0,False,75
UCk-3rL55fKTgecND4M5CyQA,180379,1800.0,False,88
UCfrAwnZPt7F_7XQGeaFXBjQ,81752,317.0,False,37
UCCP3G9elxsgBhrExAsJeJyw,326543,2970.0,False,39
UCS04TsUvB2DazLBzdKzBB7Q,80756,963.0,False,254
UC5C1Q27q79acieSvRCcY0Iw,53461,574.0,False,196
UC66Bifa72fhip47TVByIPbA,129428,340.0,False,62
UCgv3j_g6yhWhuw1qHDfOqTw,84614,349.0,False,35
UCGRagI0sz4T-Dl4-OFfVwUw,1237170,4790.0,False,192
UCtCWRBFXsenW1c0R0Jzjwwg,1492295,4400.0,False,37
UC4yp9EsyyGqx1WK57aJgTpg,84489,2030.0,False,21
UCsKFYsaDK8vBbHzVuhE1yUA,27094,,True,208
UCWSNl0eQ7Qu4nEgAY_GxDFA,294899,2620.0,False,14
UC3TXDco33rrdnNq3_H9DHaA,1791985,17800.0,False,131
UC7OBfPJT3caQU7GhWDUOTag,15731,8.0,False,5
UCLwY1gBD4eUqjgpBk4L7K1w,321862,2040.0,False,68
UCtvmKOXc5uYnZLOnEncv1CA,27514,351.0,False,98
UCufaH_tw49rc90jFLhyEIZg,786538,8280.0,False,68
UCV86U8vTlhbiO_4umBU09Ww,8681584,78000.0,False,83
UCAGoVKSE7SRBI8usF3gcVqg,36363,825.0,False,34
UCb2yn01TPFwzC3JYbpnEsYg,663828,2880.0,False,80
UC3CQqr2HirrKDpGZtAnEhKw,223930,1520.0,False,139
UCxegdK086JITQhwLrswI9pQ,519818,5290.0,False,89
UC0H80aePnrh3XTzNZXztLSg,16941919,13300.0,False,151
UC8zvP72p9bGC1xHEtVjyy-g,1730289,8350.0,False,122
UCMtaSQSkUx_lmaXsx21JADA,815123,380.0,False,55
UCXTcOmiTXVa-bZjEFjVr8UA,18374,756.0,False,19
UCjakXXxkgFBoJpjggDYqIwA,1824124,2040.0,False,185
UCKBLEeNCeiybHW0RwLUBguw,103788,1390.0,False,53
UCPbt-Ds2i2aEKyALRVlW1UA,219124,1930.0,False,109
UC4hPg1IPNLzoqIjVh0kDmpg,875537,2840.0,False,68
UCZjTX8Vjp-dZ56vm7xMcZog,3834,30.0,False,14
UCLVF9bca1pBngz9_TSJHodA,38712,209.0,False,32
UCdQXZjA1jCi0DnMN6CeAm3w,981,11.0,False,50
UCzXlcF9m6Yw4jn3Xcfiwr7Q,1351227,10100.0,False,1375
UCFzriCEBPxjYf57hQqnqa8Q,252408,992.0,False,28
UCjLnd_87iP-g90mqH0KFNuA,344287,4950.0,False,115
UCyNq_uwrcQ44Z6Cdh1ccuwg,2412444,19200.0,False,318
UCQPemR-c0m4KoT3RCQqzGcA,136692,1070.0,False,12
UCkIu9goajbRpnd6jOHZXO1w,421625,1710.0,False,90
UCvMuss0FS-UjFfyyVoI-yRg,64480,372.0,False,150
UCR0o1iaseE_0B8tYU1ak8zQ,580743,6920.0,False,42
UCNW5GBKioAxUSFIEP-_vvyw,28210,129.0,False,17
UC2EPbg9Ke8YrmQGeNxmXk_A,364790,1300.0,False,34
UCzhA5Bu3i6z613ywgNujujg,210825,827.0,False,8
UCOVHXruYxtnhJEku218tYwA,424,10.0,False,5
UCwRbbGyMsw9Twsj-fwpFVNg,148024,946.0,False,13
UCeiPYPFoCdu7pa30Cvf33Cg,13463,179.0,False,43
UCivjtEm25_qjnhmhCknQ6Cg,1368181,20500.0,False,74
UCWXMYuyIFqQVp65njE6Kxhg,520517,1520.0,False,172
UCLX15TEil6-Gh1Cr1OfjsIg,378,16.0,False,12
UCVncohyBP6BEOCuDll_3-5A,12355,124.0,False,35
UCyj9cBbAil2AJpJhC8Z7lxQ,973322,665.0,False,60
UCvmhSUBcpPUG09bpkDpqErA,6357,,True,54
UCUkFFX5ggg28oLEliRLN_nw,78709,1550.0,False,27
UCDtDzl-QRXkVrkyzc0IxQaQ,175029,784.0,False,10
UCeZeP6qQvQ6eY8if-XvbCiw,480165,2310.0,False,16
UCqJAAqgJ4ewrUG9YX2bB46w,146055,485.0,False,43
UCmlGR6HEMB16sZz91aIFY3g,12315,253.0,False,7
UC6g9IQCp5N3fbDUIDLzKC5A,275542,564.0,False,137
UCAQCQZez9x4otXseqKBuqIA,5779,207.0,False,61
UCmhzqjG541Jio9KQP5Cl7SQ,1049,12.0,False,11
UCffpLYC-cL62vpiihorefMw,1055,11.0,False,10
UCV-nInyuY5fn--MoZN9rp9g,705,25.0,False,8
UC0QnMkz74etr6MbUAq6Qy1w,576979,5140.0,False,7
UCGEE2QwQEVynIm_edNcV1FA,638319,4450.0,False,57
UCqu5oFoMv2UL-hKlm7XWffw,1216517,9410.0,False,997
UCTNAGAxqqanthoCgmrbHbBA,11011671,76900.0,False,1407
UCqPfYqaYoEcItYGW7_1_dQA,220,33.0,False,3
UCDxTTe0-Q-wx1Z97CXBg8Nw,253395,4500.0,False,39
UCYIvgTba7f5sYGr3o6e6zfg,2039,53.0,False,53
UCoPeLbeRgCY-mOKCsJKf5Hg,50107,560.0,False,177
UCcPWIo5s9syeOwV3ZR7uEGg,42371,340.0,False,141
UCQK5QdMYBaesQiEiNBKwDWA,7983,157.0,False,9
UC1tl0ecuh5q0NKQlsg1YLgQ,114082,,True,199
UCqJFhD2NjfugWv7awdtcZAQ,138894,2250.0,False,30
UCIsTtgoxExXaMY2tGHb_nVA,142033,1890.0,False,88
UCxcgXtj2hRYNaJoYilJT0jw,64060,365.0,False,112
UC5BC1gUyOqN5Q7gndzqxyYw,656170,,True,18
UComAdfQIboygIm1usw4HNMQ,1199,161.0,False,15
UCcke5M6ybmZya5yl6A4Bt_g,451133,3200.0,False,92
UC5bEer0GcLmXfPpQU-sSoUg,1996690,13600.0,False,873
UC7lD3hnuF6kvo-K2SoDz6Sg,36004,,True,235
UCOiRxcj7cAz92CZ-vSpIhRA,162,3.0,False,6
UCSduU5xQjoMCAc7TXBgr7gA,13379,,True,67
UCT_9d574TzYbEI0DF0OPLYQ,4903,175.0,False,53
UCS92WxBNcRv58h-g82Ed16A,9,4.0,False,2
UCis8GISQ2po_qi1LYw6y6IA,441655,,True,142
UC_J8pc1BakFIt5Ot0zNGSgg,23362,,True,163
UCsToCokbv8MZt8uxNq4vMaQ,132865,1350.0,False,81
UCPiWyQwaHVRi9nlmDZ5KVrA,70506,,True,38
UCxYLTyY1NVzhhig4MrN1prg,4172300,33400.0,False,240
UCE2bC7wKchdg1jxQu6Oa6eA,16562,211.0,False,33
UC7btkA9gPK5nqnCqkFhroAw,6601,,True,25
UCaa0Wey3wlgS_S4Q9Xt5FyQ,26097,342.0,False,13
UCY_Orx3ARzprAoxiFZHehbw,45491,140.0,False,5
UC540MxPA2gRafeUfIorjSYw,954,,True,10
UCVFDlPH2CZLH2yGLg4n_5dw,5,0.0,False,12
UCjCk8SV4fZfL6PfVZY5bmnQ,203807,2440.0,False,80
UCALvP47Iixd9I29jHCKzEFQ,75384,,True,34
UC2_pbFooLdBZqpScxamENYA,53139,1780.0,False,68
UCHWAHEDfMU3dX-CbB_RSQvA,20707,610.0,False,19
UC5-tX1b_iJtn8yGoPCvkiSw,3266,,True,6
UCN14VoNSni7WqcGeuWn2OLg,158072134,1170000.0,False,1416
UCF20DheCsen-iOMtHN1XMcw,32461150,337000.0,False,102
