channelId,viewCount,subscriberCount,hiddenSubscriberCount,videoCount
UCIcCXe3iWo6lq-iWKV40Oug,56423799,859000.0,False,208
UC4Oy0UtQpTBGX46q_OkWzXg,36286060,456000.0,False,399
UCIUtwq6jMFYQj2ASOj95TGw,4059952,40600.0,False,241
UCsgaFTYm3fvDnkPWb-FIa_w,508262,7820.0,False,19
UC1kdsZUTDSW1BtsHEoYx4WQ,275182693,597000.0,False,6987
UC-_r3ybLeGdNfca0UriJ6XA,6730656,84200.0,False,312
UC-kJP3JSsbXLl5VbIoi2HXA,1382837,33900.0,False,30
UCVNOTKi3V2eCZo5Zy0JI8Fg,1676890,,True,5
UC3yTbQJCyIx1hJRS5pK_c0A,22418984,217000.0,False,1308
UCqKRlX8Pi6xg-lAAzkt3wfA,71185334,323000.0,False,408
UCtYw-H_L5D09T9uWeNBUvqg,76811797,540000.0,False,809
UC2NOIMgMDACbqjLyH9tN1Xw,99474,1140.0,False,40
UCOPnbUqPRKNU1Sm_tSIOtGg,21223618,268000.0,False,110
UCAE7Doxo5WQRjLPz7JYa7Fw,24625059,371000.0,False,102
UCxRB1WoWWNMbsrAWLR3fO7g,1659413,29000.0,False,30
UCMeZ28znRNzSmHdQi1zXBog,1622265,46700.0,False,211
UCgqFqBj99yyRHFOubzj3LaA,4495866,49900.0,False,454
UCsjuMjlQ6CN8BbP6neDlK3g,17133436,223000.0,False,91
UChfc4PBqDR_Ho0jWADYiQKQ,611023,4210.0,False,325
UCg6zl8ARb8cpHNvBSTJ3pTA,3135996,30500.0,False,311
UCqg4M9-TjrPc-NARlfTee7A,13145438,157000.0,False,178
UCNca794AmT8UYX0-4Dk2IMQ,1318873,9920.0,False,238
UCrcgrnGZmxrlxcx3biVBBNA,27057975,265000.0,False,320
UCNwsxpZwRPgxMJ8zpWwXcPg,40445,675.0,False,52
UCqPdU0C6sIx_kkEoAcW9hSQ,16500324,192000.0,False,185
UCwg1nBoNn5mpzshbgCRq4-g,159940,3050.0,False,59
UCHzcS9Hm5dieyRWDMY-earw,126400818,807000.0,False,3635
UC_wtYbYpUuVPJwQjveVGp6Q,1987649,17700.0,False,46
UCUtzw2QD1HM6zvOnN941qJQ,113767,4030.0,False,18
UCSaieSZa-q0FNLcr3bTYHsw,1096248,14600.0,False,40
UCr21sgtdNLTE0bl64rIyMKw,111613732,615000.0,False,186
UClfbvgQoWlxIdN5R939nMNg,126350,644.0,False,16
UCmRRUATCbsWgBc9vpPyoaAw,6072911,48000.0,False,37
UC69lcl1ALdc7uxuL4OzqI5Q,1767096,11800.0,False,201
UCAAsUXCwZZvx97PVO_nb3LA,3998345,29400.0,False,383
UCmmvfxERUrEyEmZiSSI-8kg,273380,4050.0,False,11
UCDU1ULcAb0OMgv0Xi0CbYYw,21384658,51800.0,False,3046
UCzMmESEanMmEGEXR2HK-lhw,674637,5100.0,False,151
UC9Pu39aEO77HzgdEXRwPbKg,23288344,138000.0,False,108
UCrbPhegWpRRe3v2SKR7g-Nw,832185,1400.0,False,37
UCIWNozFjO8yVdJFsGKVmPgg,45503091,437000.0,False,1315
UCWgO3P-M2bxMpLNmrgRPCYA,1472328,8220.0,False,197
UCd1tkbnHGMZUPG9z0hdVN8Q,627701,4950.0,False,81
UCtwaWPOXEBysZLh1rrPzwFw,32397198,303000.0,False,648
UCElRTb8bEsbF6kfOX2khXDQ,1947321,9330.0,False,227
UC16eUchrryp13U6FufLfCBA,128758,482.0,False,79
UCyJ4kg_1qqbmBlWxlmsQ3fg,158515,184.0,False,30
UCu3n2fE3SQzL8QcHQwdplnQ,110920,4310.0,False,44
UCNflp7B39NL_u-nP-AKw8Dw,1149,44.0,False,16
UCg4HRmoYYhpdzJXY5cSbBeg,34999819,238000.0,False,1294
UCaZBoPPrv8RpCZeFXWfnLQw,1202933,23700.0,False,224
UCc7Zvfa6Q7UiDjxPI4Fm9yQ,102827,1560.0,False,262
UC95ycoC9Rdyt-TkzP48WblQ,155296926,196000.0,False,1174
UCkZRhkdP5gpPMKG9nA7gCaw,154241,103.0,False,10
UCJc1GDD4eIxLJRNex2LYLRg,61838,610.0,False,27
UCcGypazPypWJ2K5ig_c7LyQ,48700402,271000.0,False,1750
UCO66zvpQorlNfs_7hFCfmaw,45832311,546000.0,False,283
UCXkqhdmqCb48cTZNxgs59CA,74559,796.0,False,56
UCgaGqL641t87mOuNaLQ1O9g,146573,3420.0,False,77
UCiWIZFq33ywH4rrg4GBR27g,71064,8380.0,False,17
UCUAIPUjGW9nT6QCAzjGLjeQ,201574,4740.0,False,59
UC0oEsGiCfLhVAPI_-6U8roA,77939,818.0,False,28
UC7WbVbMJipNOSgW1Je-c9ZA,1643667,39200.0,False,46
UCWFHCZ5KBtG8sdyDqrCdQ7Q,22802233,13800.0,False,147
UCn6_ZYlX8KJtV2ZjLMsrxzw,59901,865.0,False,44
UCRE3k-w68T1TgEYL8qplZ2g,381296,2110.0,False,26
UCVWQKYh2bKexxp20dDfRpWQ,301242,2250.0,False,139
UC3FZhjRMETiHPUh4F8Xf0AA,3204123,42900.0,False,90
UCyW0lzGLMx0-WqKH5A0pCtQ,6689,249.0,False,4
UCkc0sEjDylFZy_Zl8Z2dKfQ,37470,371.0,False,55
UCXsoSMI_a4sJZkDQjpfEI5g,51296,303.0,False,55
UCmHL3Is1j48FuuYL4yJ8NQA,660236,5420.0,False,138
UCLYJasHbl4-ED9HSM3C1BuQ,68243803,169000.0,False,646
UC_d-8CiZPjynksS4KbxVY_w,1173570,5870.0,False,120
UCdtK3PAu3gnudgqLFNvsegw,2197,104.0,False,4
UCNAJolC7SJNfsmlSp0lZRCA,11865219,110000.0,False,509
UCKCgQX1D-4oTHiXUajQX_QA,42954,123.0,False,44
UCGvTbU2SsGONC17Y3TAUwUA,673163,8680.0,False,159
UCDkr9aIKXq213O-l-789hAw,15175678,157000.0,False,169
UCsPpecbfRGI8RYVMCZfSueA,192888,535.0,False,18
UCblteTHZZWbCo5v5VVKJC-g,87,,True,3
UCG8SL9XqmfWjHijmSW_3NDA,1935226,3860.0,False,39
UCY1WkFBYltYL_idQnWpKbug,49836,267.0,False,26
UCuJgRhXJ0TtWWumAHC5_00A,282908,2160.0,False,83
UCVOOX9kNCXFyVngKbQ58r7g,15362,473.0,False,8
UCFCDAj0kVVmXMsfn32_bmUg,82343,1360.0,False,205
UCOhKpIzFxJFzMJYmkhZlpaw,1688476,18900.0,False,158
UCQIhzW3zU6LWRcPisaO51_w,35885413,251000.0,False,1233
UCmI9UMilBGr10VnQ9ikdLEw,136545,449.0,False,245
UCcWOmT_ia8S0IV8vEjxyMkg,1415933,15400.0,False,135
UCQPemR-c0m4KoT3RCQqzGcA,136692,1070.0,False,12
UCTj_hlsdKs-gLqoEB31IeZg,7730507,97300.0,False,441
UCfvrml65kvZTJ-FukK5ivRQ,31862,,True,73
UCib3sipEkTwJqpo7wfOXD6w,1368068,7880.0,False,72
UCBO9acnsfbzEL_7am5N2z8Q,63291095,591000.0,False,236
UC313K63WEDXCZE3-9lzXosQ,4923312,17100.0,False,513
UCk4QX91XR7uMLRr_0bWXlqw,56815,261.0,False,36
UCev5c9bh98_00CpngiwmlGw,87201,363.0,False,93
UCdjedsUN5O2KnmxxflvAhEQ,8227114,62000.0,False,87
UCBHA7sixaWmaqp1Qnbr3ynQ,100853,1350.0,False,43
UC4GIfjbLKPGWvtATef86rKg,1210,2.0,False,2
UCIsBElE_MMwylib7FmQFIhQ,233306,,True,137
UCFqYMo1yOxGXHyXZXMSoTGg,31983,140.0,False,56
UCVJYqpsKcsO3NgEG4XB5HSQ,20140,117.0,False,1
UCV1TMK-sCRHEMj2JPGRQN-g,5387,145.0,False,11
UCjLnd_87iP-g90mqH0KFNuA,344287,4940.0,False,115
UCLk1kUQDy5GXKGh5FHEE_Fw,2490479,50200.0,False,404
UCv-PLuI1ntOuW8DGw7RBtww,566414,6620.0,False,52
UCU477Lqi3mPCX0hlFVFLhDw,803991,668.0,False,51
UC7PuyuAlp0bsPK-FsrAQfjw,4183,120.0,False,3
UC8IorqflHxktKHROpManTIg,3299,55.0,False,36
UCyHsIoSb3Yb-N1_LbogOidg,46305,655.0,False,41
UCA4TpUnVSrme2rLc3427mDQ,1030061,10500.0,False,170
UCeR1N7phFzBT4mhyUxc0jUw,293460,2340.0,False,21
UCb29uZmZ6TSUerZn_5VBE5A,269313,1050.0,False,692
UCE9w28PeMEwMtCJ5P4Gd2Cg,1115073,3070.0,False,68
UCsT09JEjChDj2mdS668LJrA,17813,24.0,False,4
UCDgDpexiTLvQA6dtjh7GGiw,2164777,6900.0,False,196
UCmeS_k_7J2esi3NujiZTVZA,2363063,7530.0,False,42
UCpXxi0IyGmtPWvotvdmRQVQ,8256,7.0,False,6
UC1mkWBHnECHChI5yvN4mPAA,3267346,10400.0,False,343
UCJ2JKFeXZ39o0jsD8iGagmQ,661,56.0,False,7
UCBzowkykOI4wKq4L-vEW3sA,437328,290.0,False,36
UC4q3crhs4-_hxYshEoPUlvQ,59010,989.0,False,239
UCOJTIwdnbleN5oWvpuzCq9g,15107,158.0,False,20
UCjCIfL8DeycSLs1SA-J4ENA,310411,2410.0,False,34
UCMDxcYFbxxZpij7JyivPy3Q,879307,8930.0,False,128
UCEhcDSXXtWynf04gHONHmwQ,15857,29.0,False,7
UCfF_na6cSe8FsUKFHx-E48w,150807,1360.0,False,108
UCU3fWRuG2WTbMmvRdhXBA-A,108997,1760.0,False,51
UC6Mt5F4Fuhi3G5SAw19upVw,96148,1090.0,False,8
UCGKazmenfpDni_4Q7D2Sraw,112931,1400.0,False,37
UCbwTij5SVBL4a4NznNkNmOA,168560,129.0,False,30
UC_4vyJt5eBpIAPzYEqPEyFw,19197,245.0,False,51
UClpUhsQYaQBbtXkoDO7F3Eg,5005,116.0,False,30
UC3jbtzF9QF2ri7i97IylKTw,2832959,7300.0,False,624
UCceuo1ZdHsxegsoa4Hgn55g,10614425,85500.0,False,327
UCTu2UDEW27-2m3FxHv-FFDA,169396,424.0,False,49
UChj2zrlNWzKWZa0tBZXCP9g,1392595,884.0,False,18
UCfq1kNsUm1fsLE3ArQkuR_w,2169991,3790.0,False,104
UCrzC3BnBr7BB3hYXEE3CPkQ,117318,3220.0,False,104
UCUkFFX5ggg28oLEliRLN_nw,78709,1550.0,False,27
UCOOG7_bt-UINV8yXPU6o7lQ,7503,75.0,False,95
UCUEzIBVfokbaRkXhJddbVXg,890635,8540.0,False,77
UCDCXfYsluUDXIbpaMdKJWhA,313623,1890.0,False,346
UCSArYuBHZtw3jkKBeVXG3wQ,1453,127.0,False,7
UCrF_n8ttMtROddLuAlItoYA,10337557,95600.0,False,1004
UC4e7ESAtaybfh404m8DGURQ,17107,40.0,False,1
UCa5SanojTPou0q-5NVrSVAQ,317729,728.0,False,59
UCS04TsUvB2DazLBzdKzBB7Q,80756,963.0,False,254
UCF83EzX9eD_TeNdP7TtOzBw,631016,8220.0,False,75
UCBldCN9YpC_vCoMDTyaGSvw,1115838,9650.0,False,193
UC75ehfris3h6pXiWF6H3BLA,93441,1410.0,False,149
UC5C1Q27q79acieSvRCcY0Iw,53461,574.0,False,196
UCXahDkQQUhU2yh3dZpCJ9XQ,13434,25.0,False,10
UCbUFA6-OvWnJSF0w11Vmgfw,99921,1030.0,False,41
UC2ZSgb62ME6gFAMTphw4V9A,991233,8520.0,False,31
UCDdJqIR-pOEsmYRE5QJhu0A,7664,137.0,False,43
UCk-3rL55fKTgecND4M5CyQA,180379,1790.0,False,88
UCgv3j_g6yhWhuw1qHDfOqTw,84614,349.0,False,35
UCfrAwnZPt7F_7XQGeaFXBjQ,81752,317.0,False,37
UCwRbbGyMsw9Twsj-fwpFVNg,148024,946.0,False,13
UCMnmXvv9JHJPsrrob-gEn5A,15549368,,True,764
UC7OBfPJT3caQU7GhWDUOTag,15731,8.0,False,5
UCtvmKOXc5uYnZLOnEncv1CA,27514,344.0,False,97
UCR0o1iaseE_0B8tYU1ak8zQ,580743,6910.0,False,42
UCLwY1gBD4eUqjgpBk4L7K1w,321862,2040.0,False,68
UC1vh8Wk8c6LyF07MnKzGUVA,98741,1410.0,False,152
UCB9eeIlUJlnDPpXSyaMXfEQ,211985,506.0,False,39
UCaNzktBAVgxiKCp68IclMNQ,844,28.0,False,9
UCufaH_tw49rc90jFLhyEIZg,786538,8280.0,False,68
UCtCWRBFXsenW1c0R0Jzjwwg,1492295,4400.0,False,37
UCKBLEeNCeiybHW0RwLUBguw,103788,1380.0,False,53
UC3CQqr2HirrKDpGZtAnEhKw,223930,1520.0,False,139
UCAGoVKSE7SRBI8usF3gcVqg,36363,825.0,False,34
UCKogCyXLurXp-aUi4lMCCOA,558410,8000.0,False,92
UC0H80aePnrh3XTzNZXztLSg,16941919,13300.0,False,151
UCMtaSQSkUx_lmaXsx21JADA,815123,380.0,False,55
UCdQXZjA1jCi0DnMN6CeAm3w,981,11.0,False,50
UCxegdK086JITQhwLrswI9pQ,519818,5290.0,False,89
UCb2yn01TPFwzC3JYbpnEsYg,663828,2880.0,False,80
UCjakXXxkgFBoJpjggDYqIwA,1824124,2040.0,False,185
UCPbt-Ds2i2aEKyALRVlW1UA,219124,1930.0,False,109
UCZjTX8Vjp-dZ56vm7xMcZog,3834,30.0,False,14
UCtcAP0GsQ_lu6eUF09X6VQA,9839,144.0,False,32
UCxerC1M5UlOw646qiul7qOw,2294595,34300.0,False,455
UCzXlcF9m6Yw4jn3Xcfiwr7Q,1351227,10100.0,False,1375
UCFzriCEBPxjYf57hQqnqa8Q,252408,992.0,False,28
UCvMuss0FS-UjFfyyVoI-yRg,64480,372.0,False,150
UCpQ3wp58AHKe5LqZYIZEAaQ,3131328,27900.0,False,292
UC2EPbg9Ke8YrmQGeNxmXk_A,364790,1300.0,False,34
UCkIu9goajbRpnd6jOHZXO1w,421625,1710.0,False,90
UCOVHXruYxtnhJEku218tYwA,424,10.0,False,5
UCNW5GBKioAxUSFIEP-_vvyw,28210,129.0,False,17
UCE2bC7wKchdg1jxQu6Oa6eA,16562,210.0,False,32
UCLVF9bca1pBngz9_TSJHodA,38712,208.0,False,32
UCeiPYPFoCdu7pa30Cvf33Cg,13463,178.0,False,43
UCIgSJdwPfuUcFHoElFLOPxQ,173454,614.0,False,36
UCGEE2QwQEVynIm_edNcV1FA,638319,4450.0,False,57
UC4SBUZYoQpF4QYGbotdHcYg,77427,166.0,False,3
UC-M6ykfJVJ9lY5-AHae3H5Q,896630,5250.0,False,559
UCqu5oFoMv2UL-hKlm7XWffw,1216517,9400.0,False,997
UCyj9cBbAil2AJpJhC8Z7lxQ,973322,665.0,False,60
UCqPfYqaYoEcItYGW7_1_dQA,220,33.0,False,3
UCcejAsv-yx1LD5-xTu5kF0g,1455,21.0,False,74
UCYIvgTba7f5sYGr3o6e6zfg,2039,53.0,False,52
UCDxTTe0-Q-wx1Z97CXBg8Nw,253395,4500.0,False,39
UC0QnMkz74etr6MbUAq6Qy1w,576979,5140.0,False,7
UCFohrCuboIxV5Cb_3Aw0Lfg,139437,1700.0,False,437
UC2qv0wXq4GVBEBLwicduXRA,5495366,77800.0,False,75
UCpbuXlhCuIJWN00OuWuCH1w,1956,111.0,False,16
UCzZL-KndQxhhhOm5Zgfwfog,3952593,23300.0,False,1324
UCXoCDslGEI-ULQXRLflOClg,435894,815.0,False,51
UCIsTtgoxExXaMY2tGHb_nVA,142033,1890.0,False,88
UCqJFhD2NjfugWv7awdtcZAQ,138894,2250.0,False,30
UCjwXBKACWGr2w2mT_jYEfLA,58199,104.0,False,16
UCMpZneon4mkKfl3efyZnZng,88828,3220.0,False,59
UCu68j11ZUTH_rv09P9HBmMQ,1316861,13000.0,False,213
UCXSGN7oC7hIK1H9PrA8PB8g,15738,515.0,False,78
UCK-Oe1K6U4D9fj_Fyrug-rw,807587,3440.0,False,89
UC_yYWA-Twe5YbO7bxDz6TYA,790627,5190.0,False,137
UCisPNMfMv-nu8EygkY2m5iw,97272,1540.0,False,172
UCYCCdM7X9F9hRy1a8jIcS-Q,3005646,29100.0,False,228
UCln2BKQqVZ5lVq3CugZLI3w,1962,54.0,False,47
UCis8GISQ2po_qi1LYw6y6IA,441655,,True,142
UC8XG7-cj2LO9sjvjuT7Ib7w,19994,130.0,False,14
UCcPWIo5s9syeOwV3ZR7uEGg,42371,340.0,False,141
UCwqm8Zv239WwSPg3VwjKPfA,946711,3240.0,False,152
UCxcgXtj2hRYNaJoYilJT0jw,64060,365.0,False,112
UComAdfQIboygIm1usw4HNMQ,1199,160.0,False,15
UC5BC1gUyOqN5Q7gndzqxyYw,656170,,True,18
UCcke5M6ybmZya5yl6A4Bt_g,451133,3200.0,False,92
UC5bEer0GcLmXfPpQU-sSoUg,1996690,13600.0,False,873
UCQ44v7dZOVUUlDcBVZrAwXA,2518481,57200.0,False,174
UCSduU5xQjoMCAc7TXBgr7gA,13379,,True,67
UC7ENVZfuouUC96fR8plbpew,4287,605.0,False,44
UCsToCokbv8MZt8uxNq4vMaQ,132865,1350.0,False,81
UC_AZNzoaBiwE4JYUz32ioYw,2626,75.0,False,34
UCY_Orx3ARzprAoxiFZHehbw,45491,140.0,False,5
UCHWAHEDfMU3dX-CbB_RSQvA,20707,604.0,False,19
UC2_pbFooLdBZqpScxamENYA,53139,1770.0,False,68
UCvxncmVJrjqEqUV4yFzz04Q,21871,337.0,False,141
UCmJvl1KTMP8ZpcLWUMkVd7Q,3265164,11900.0,False,497
UCWBbskEnMJlvTacIAKQvQvA,353,,True,4
UCbbGFCuY7r8o5kIGN9wj_Ew,35594,481.0,False,48
UCq0RW1HDFK3GI9JuZBHEhsA,309,14.0,False,9
UC5-tX1b_iJtn8yGoPCvkiSw,3266,,True,6
UCJ0sIAYr-4oy6U8N3CGCKSg,240066,3230.0,False,176
UCoPeLbeRgCY-mOKCsJKf5Hg,50107,559.0,False,177
UCbTXllgA37QXhio_jyGz5Pg,614450,6710.0,False,383
